{
  "model": "LightGBM",
  "W": 60,
  "H": 15,
  "dataset": "v2",
  "n_features": 113,
  "threshold": 0.10849246231155779,
  "best_iteration": 16,
  "val_recall": 0.8771929824407511,
  "val_precision": 0.11086474501084066,
  "val_f1": 0.19685039350078276,
  "test_recall": 0.6344410876113763,
  "test_precision": 0.35353535353475835,
  "test_f1": 0.45405405359349243,
  "test_f2": 0.5474452552057941
}